<?xml version="1.0" encoding="utf-8"?>
<!--
/*
** Copyright (c) 2013, Qualcomm Technologies, Inc. All Rights Reserved.
** Qualcomm Technologies Proprietary and Confidential.
*/
-->

<!-- If you edit this version, also edit the version in the partner-supplied
    cdma_call_conf.xml configuration file -->
<calloptions version="1">

    <!--Call Forwarding Unconditional(CFU) -->
    <!-- activation code for other number -->
    <option carrier="China Telecom"
         mcc="460"
         mnc="03"
         number="*72"
         type="0"
         category="1"
         state="1"
    />
    <!-- de-activation code for other number -->
    <option carrier="China Telecom"
         mcc="460"
         mnc="03"
         number="*720"
         type="0"
         category="1"
         state="0"
    />
    <!--activation code for voicemail -->
    <option carrier="China Telecom"
         mcc="460"
         mnc="03"
         number="*72"
         type="0"
         category="2"
         state="1"
    />
    <!-- de-activation code for voicemail -->
    <option carrier="China Telecom"
         mcc="460"
         mnc="03"
         number="*720"
         type="0"
         category="2"
         state="0"
    />

    <!-- Call Forwarding Busy(CFB)-->
    <!-- activation code for other number -->
    <option carrier="China Telecom"
         mcc="460"
         mnc="03"
         number="*90"
         type="1"
         category="1"
         state="1"
    />
    <!-- de-activation code for other number -->
    <option carrier="China Telecom"
         mcc="460"
         mnc="03"
         number="*900"
         type="1"
         category="1"
         state="0"
    />
    <!--activation code for voicemail -->
    <option carrier="China Telecom"
         mcc="460"
         mnc="03"
         number="*90"
         type="1"
         category="2"
         state="1"
    />
    <!-- de-activation code for voicemail -->
    <option carrier="China Telecom"
         mcc="460"
         mnc="03"
         number="*900"
         type="1"
         category="2"
         state="0"
    />

    <!-- Call Forwarding Not Reachable(CFNR)-->
    <!-- activation code for other number -->
    <option carrier="China Telecom"
         mcc="460"
         mnc="03"
         number="*68"
         type="3"
         category="1"
         state="1"
    />
    <!-- de-activation code for other number -->
    <option carrier="China Telecom"
         mcc="460"
         mnc="03"
         number="*680"
         type="3"
         category="1"
         state="0"
    />
    <!--activation code for voicemail -->
    <option carrier="China Telecom"
         mcc="460"
         mnc="03"
         number="*68"
         type="3"
         category="2"
         state="1"
    />
    <!-- de-activation code for voicemail -->
    <option carrier="China Telecom"
         mcc="460"
         mnc="03"
         number="*680"
         type="3"
         category="2"
         state="0"
    />
    <!-- Call Forwarding Not Answer(CFNA)-->
    <!-- activation code for other number -->
    <option carrier="China Telecom"
         mcc="460"
         mnc="03"
         number="*92"
         type="2"
         category="1"
         state="1"
    />
    <!-- de-activation code for other number -->
    <option carrier="China Telecom"
         mcc="460"
         mnc="03"
         number="*920"
         type="2"
         category="1"
         state="0"
    />
    <!--activation code for voicemail -->
    <option carrier="China Telecom"
         mcc="460"
         mnc="03"
         number="*92"
         type="2"
         category="2"
         state="1"
    />
    <!-- de-activation code for voicemail -->
    <option carrier="China Telecom"
         mcc="460"
         mnc="03"
         number="*920"
         type="2"
         category="2"
         state="0"
    />

    <!-- De-activate all CF Service -->
    <option carrier="China Telecom"
         mcc="460"
         mnc="03"
         number="*730"
         type="4"
         category="1"
         state="0"
    />

    <!-- Call waiting -->
    <!-- Activate call waiting -->
    <option carrier="China Telecom"
         mcc="460"
         mnc="03"
         number="*74"
         type="6"
         state="1"
    />
    <!-- Deactivate call waiting-->
    <option carrier="China Telecom"
         mcc="460"
         mnc="03"
         number="*740"
         type="6"
         state="0"
    />
    <!-- End of China Telecom -->
</calloptions>
